src_id,dst_id,wire_cap_ff,wire_length_um,routing_layer,resistance_ohm,coupling_cap_ff
0,48,32.38,196.09,M1,17.06,0.4947
0,8,9.83,57.85,M5,34.3,0.5592
0,46,33.44,206.42,M2,22.52,1.712
1,30,100.36,467.55,M2,23.75,0.854
1,224,12.79,61.49,M5,14.39,0.2786
1,50,84.01,394.1,M1,49.91,1.6701
1,16,39.67,167.06,M2,5.68,0.7574
1,46,45.39,186.74,M1,3.69,1.3842
1,143,8.64,99.83,M3,4.0,1.1114
2,38,22.35,113.77,M1,10.54,0.7286
2,132,58.92,331.14,M1,15.65,1.7645
2,183,24.87,302.08,M2,41.96,0.9591
2,131,91.3,388.1,M5,20.97,1.8228
2,115,26.68,120.46,M5,10.39,1.9335
2,6,27.09,119.15,M4,4.61,0.2482
3,58,41.36,188.3,M1,22.23,1.2011
3,219,69.88,374.51,M5,45.2,1.915
3,115,2.98,23.81,M1,46.35,1.2215
3,142,36.14,264.97,M2,6.43,1.9469
3,51,24.18,105.29,M5,11.98,1.0733
4,122,17.96,192.3,M1,32.77,1.1607
4,33,42.35,219.82,M3,2.96,0.7545
4,46,24.6,101.82,M1,20.08,0.3962
4,79,13.72,97.1,M1,19.67,0.8129
4,158,87.69,435.84,M4,27.7,1.3328
4,261,99.76,464.97,M4,40.55,0.2726
5,23,21.57,139.65,M1,40.51,0.9019
5,178,51.03,328.88,M2,11.15,0.2589
5,75,21.02,91.35,M1,35.44,0.7304
5,216,56.63,399.34,M3,45.3,0.1823
5,214,105.59,426.83,M3,19.35,0.2829
6,254,36.31,234.64,M1,48.05,1.127
6,178,6.96,32.37,M3,47.16,1.813
6,263,13.65,80.06,M2,26.01,1.5751
7,110,2.82,17.11,M4,30.43,0.02
7,157,26.72,163.86,M4,20.39,0.3055
8,167,69.07,444.1,M1,40.91,0.2149
8,54,10.83,49.46,M1,13.39,0.7694
8,70,24.69,126.0,M1,36.5,1.0584
9,160,45.09,323.13,M2,29.4,1.6802
9,215,11.4,47.2,M5,17.86,1.145
10,123,38.0,279.6,M5,31.89,1.937
10,153,49.94,223.8,M4,28.54,0.9189
10,38,54.4,463.18,M5,39.39,1.7721
10,221,12.54,107.22,M5,34.46,1.6649
11,158,39.47,179.88,M5,18.38,1.3341
11,188,0.7,8.19,M2,8.38,0.6615
11,194,56.39,451.32,M2,33.26,1.7199
11,177,47.97,268.97,M3,37.35,0.3664
12,248,48.27,245.72,M2,40.14,0.8853
12,110,44.19,354.41,M3,20.67,1.1711
12,84,2.68,25.97,M4,8.88,1.3867
12,209,1.97,13.29,M3,9.89,1.7665
12,149,72.42,466.21,M2,24.88,1.2736
13,254,58.45,452.74,M2,0.83,1.1996
13,124,109.82,474.85,M1,41.65,1.0832
13,261,59.01,308.15,M4,25.32,0.2482
13,263,12.85,64.78,M2,34.59,1.8614
13,55,51.42,255.85,M4,33.41,0.6423
14,194,24.33,104.09,M4,16.19,1.7506
14,105,0.66,5.9,M2,48.92,0.7393
14,167,51.93,318.39,M3,6.41,1.7288
15,162,17.39,88.45,M2,3.6,1.9205
15,12,65.19,281.62,M1,28.83,0.426
15,118,35.28,385.24,M4,2.66,1.1996
15,247,94.16,434.57,M1,0.82,0.4598
15,104,62.3,376.41,M3,37.28,0.1482
16,215,19.39,231.58,M5,42.97,1.0144
16,75,51.62,341.87,M3,38.86,1.1805
16,74,28.92,330.1,M3,45.86,1.5932
16,142,38.67,293.7,M4,7.7,1.03
16,96,17.31,159.92,M1,45.64,1.527
17,197,53.56,415.23,M5,40.65,1.3486
17,118,8.13,49.02,M5,14.95,0.7354
17,44,33.8,381.51,M2,24.34,0.5563
17,105,53.28,307.92,M1,45.15,1.3635
17,129,88.41,409.36,M2,39.54,0.7075
17,180,4.97,47.89,M2,33.26,0.926
18,230,59.51,475.73,M3,39.18,1.9945
18,59,68.45,458.99,M5,37.08,0.0531
19,51,25.02,289.82,M5,21.02,0.6939
19,80,94.77,403.46,M4,31.28,1.8164
19,12,14.2,105.34,M2,4.68,1.0192
19,59,21.81,122.6,M5,5.32,1.0802
19,127,70.16,351.14,M5,8.84,1.8168
20,153,56.91,324.2,M4,9.0,0.6037
20,148,28.89,344.59,M4,44.21,1.085
21,49,34.25,162.62,M2,36.94,1.1478
21,128,55.95,397.4,M3,29.35,0.2987
21,197,43.76,256.15,M1,32.36,0.8134
21,60,45.7,222.45,M3,13.95,1.0159
21,117,24.59,265.4,M1,46.93,1.4192
21,129,54.33,442.57,M2,15.44,0.1883
22,128,14.55,84.54,M1,5.47,0.0863
22,182,7.96,71.46,M2,39.51,1.1233
23,227,16.21,87.82,M5,45.26,0.873
23,15,21.6,151.09,M2,6.96,0.8516
23,228,66.6,342.32,M5,0.54,0.7554
23,79,30.96,199.47,M5,49.26,0.0704
23,153,47.85,268.49,M5,29.29,0.365
23,147,15.85,95.21,M1,33.08,1.1875
24,146,64.33,306.84,M1,0.82,1.6083
24,58,16.73,88.44,M4,8.97,0.6153
24,30,33.68,318.5,M5,46.85,1.5239
25,116,27.41,304.91,M5,42.86,0.8929
25,105,42.58,299.78,M4,28.1,1.5121
25,129,0.97,6.72,M4,1.06,1.7902
25,181,30.23,259.4,M4,2.42,1.6956
25,65,37.6,290.56,M2,12.64,1.4743
26,213,30.0,174.84,M5,12.4,1.2609
26,40,49.48,387.32,M1,10.36,0.6972
26,50,94.64,402.07,M1,18.0,1.6386
26,170,71.29,377.9,M1,33.79,1.6918
26,122,26.41,127.27,M3,36.67,1.6678
26,80,54.43,299.2,M1,2.88,0.5267
27,76,64.39,310.89,M2,36.56,0.8192
27,120,80.54,358.16,M5,4.55,0.5725
27,40,68.62,383.19,M4,0.52,0.3267
27,162,62.14,413.27,M2,34.22,1.5716
27,75,9.63,47.73,M4,36.44,1.2284
28,100,32.07,220.94,M4,30.62,0.6134
28,135,30.98,283.96,M3,48.44,0.2248
29,259,82.58,461.99,M2,2.34,1.4495
29,142,7.28,44.76,M5,15.41,1.4762
30,95,65.34,368.47,M5,23.17,0.7752
30,51,4.18,40.49,M1,7.69,1.1326
30,107,17.69,211.96,M2,23.18,1.3963
30,176,38.76,193.97,M4,33.94,1.6588
30,90,36.26,302.52,M4,37.31,1.8421
31,17,4.59,34.28,M1,43.02,1.2296
31,9,53.78,490.38,M2,1.59,0.7088
32,151,38.24,334.33,M3,14.4,1.4363
32,256,2.47,15.24,M4,20.93,1.0302
32,59,10.99,135.34,M2,3.25,1.387
32,209,104.63,428.77,M1,43.14,1.2087
32,254,37.26,391.8,M3,3.45,0.748
32,156,34.45,318.6,M2,48.8,0.0395
33,162,43.69,249.53,M5,1.35,1.89
33,138,26.48,127.39,M3,11.38,0.5071
34,210,45.77,315.09,M2,34.84,0.2286
34,23,78.84,362.52,M3,1.03,1.2515
34,195,50.6,261.96,M5,30.96,1.4937
34,13,71.93,406.72,M2,24.08,1.2324
35,96,5.21,24.29,M2,44.5,0.6191
35,43,80.97,482.06,M5,47.35,0.1101
36,119,68.35,494.63,M4,10.56,1.1269
36,69,14.19,57.49,M5,37.49,0.6061
36,138,24.56,114.84,M1,18.38,1.4775
37,87,35.84,192.08,M1,18.03,0.042
37,202,43.7,281.77,M3,30.44,1.5005
37,123,98.79,468.75,M2,21.35,1.1167
38,154,97.03,456.16,M4,23.09,1.4432
38,175,44.55,323.38,M4,42.84,0.6214
38,213,36.29,256.59,M3,37.66,1.5429
38,115,16.88,188.24,M2,44.94,0.8992
38,59,96.61,499.98,M2,38.75,0.8838
38,212,43.56,382.26,M2,14.88,1.7491
39,51,79.25,333.15,M5,49.72,1.5769
39,126,50.81,278.73,M1,49.18,1.8073
39,19,3.77,36.51,M4,8.32,0.3139
40,127,16.69,95.52,M3,34.84,0.7738
40,13,54.14,304.98,M5,31.35,1.9503
40,163,24.25,225.54,M5,45.12,1.0188
40,190,21.55,186.41,M2,30.2,0.2094
40,161,2.83,11.6,M3,35.86,0.1715
40,240,18.95,168.48,M4,27.22,0.3826
41,193,39.72,187.21,M4,5.61,0.3249
41,186,75.78,303.85,M2,33.35,0.301
42,125,33.69,304.94,M4,2.9,0.1477
42,69,24.65,200.29,M3,11.37,1.0698
42,60,123.71,499.01,M1,41.13,0.3733
42,187,17.2,83.6,M2,17.05,1.5586
43,126,3.78,15.16,M5,24.88,0.513
43,173,52.63,334.97,M1,8.65,0.7014
43,213,8.68,38.77,M4,16.81,1.4101
43,99,46.32,393.66,M4,33.82,1.9729
43,261,58.53,254.77,M4,48.88,1.1355
43,178,22.9,138.51,M5,22.45,0.1065
44,89,11.95,57.04,M1,46.4,1.1899
44,99,47.73,245.66,M3,32.49,0.2782
44,15,45.25,406.53,M3,41.81,0.4337
44,107,42.5,297.02,M4,26.74,1.9854
44,5,97.92,404.32,M3,15.11,1.2875
45,105,4.03,23.36,M5,1.44,0.9564
45,150,61.64,382.55,M4,1.86,1.1851
45,253,40.32,460.43,M4,25.18,1.4601
45,219,19.28,234.36,M3,1.95,0.0842
45,65,4.07,42.84,M1,5.95,0.0858
45,22,36.82,155.8,M1,17.8,0.8365
46,86,6.74,54.12,M4,8.94,1.1153
46,127,0.98,8.02,M4,27.35,1.9876
47,244,60.64,382.56,M3,44.79,0.2744
47,149,6.03,30.97,M5,2.61,0.2442
47,202,18.7,82.75,M4,5.9,1.9934
48,196,12.3,53.11,M3,6.27,0.5532
48,215,59.75,242.65,M5,48.45,1.8297
48,206,11.71,96.76,M3,2.24,0.8152
48,85,14.79,116.47,M5,2.49,0.1445
49,9,109.72,482.85,M1,44.95,1.4216
49,212,9.98,107.69,M3,35.31,1.5105
49,143,47.74,356.29,M4,4.49,1.2501
49,225,11.34,45.81,M2,3.81,0.2659
50,181,23.89,164.96,M2,25.02,0.1533
50,53,64.65,363.36,M5,10.13,1.9087
51,170,65.73,404.64,M3,12.48,1.9457
51,129,16.43,187.73,M1,35.38,1.8173
51,228,13.97,104.24,M3,36.87,0.1294
52,145,21.43,236.81,M1,35.11,1.1146
52,174,23.56,271.04,M4,2.25,1.9255
52,78,80.87,428.17,M5,0.7,0.2544
52,192,98.65,471.62,M2,8.88,0.5095
52,263,37.39,162.16,M3,2.23,1.754
53,193,104.86,442.77,M3,47.87,0.2163
53,149,1.54,16.4,M4,27.3,1.1246
53,80,35.25,399.53,M3,24.25,0.7075
53,102,22.83,220.39,M1,19.46,0.151
53,69,57.6,494.68,M5,49.09,0.6643
54,139,31.32,154.16,M2,48.14,0.5737
54,131,30.35,296.62,M2,34.99,0.922
54,147,16.27,110.78,M1,45.29,1.673
54,77,35.51,276.7,M4,23.3,0.1768
54,208,22.33,210.12,M4,45.54,1.822
55,35,18.22,113.14,M3,47.98,1.839
55,172,80.12,433.7,M1,31.1,1.8835
56,47,18.5,82.82,M3,49.27,0.1311
56,207,63.53,384.44,M5,36.16,0.3771
56,86,22.55,184.89,M4,23.8,1.9979
56,133,55.71,282.23,M2,9.52,0.8393
56,209,44.32,235.79,M3,3.16,1.8361
56,48,75.12,445.76,M4,36.74,0.5879
57,202,2.91,22.95,M3,28.28,1.7025
57,187,4.2,22.26,M5,35.48,1.6603
57,54,30.69,336.31,M2,4.88,0.7803
58,10,52.06,497.42,M1,8.84,0.9962
58,91,44.97,243.2,M1,18.58,1.6273
58,126,88.64,481.11,M3,16.86,1.0603
58,74,101.23,462.66,M4,47.13,0.9752
59,53,48.02,404.18,M2,9.71,1.6434
59,132,38.93,335.31,M5,39.2,1.2504
60,95,26.7,110.3,M4,49.9,0.2062
60,237,41.96,471.95,M5,35.0,1.3067
60,162,93.82,412.48,M3,47.92,1.2804
60,130,40.34,213.34,M3,37.33,0.0637
60,243,9.27,61.07,M5,15.66,0.4093
61,89,71.66,450.27,M2,46.24,1.8655
61,102,67.27,299.52,M5,34.07,1.508
61,232,101.83,416.3,M2,6.86,1.6328
61,52,41.13,346.71,M3,23.47,1.3846
62,77,7.53,33.44,M3,39.84,0.7309
62,245,57.39,406.1,M1,41.96,1.0639
62,20,51.37,303.22,M4,8.39,1.5723
62,53,49.42,397.87,M2,41.94,1.5595
62,87,55.93,267.99,M4,24.24,0.8322
62,31,82.13,360.9,M1,13.57,1.0822
63,177,62.77,461.55,M5,6.9,1.8429
63,217,11.3,74.56,M1,19.32,0.1798
63,154,35.34,160.15,M1,9.39,1.5974
63,104,62.2,258.84,M1,45.25,1.9509
63,33,50.49,226.88,M2,34.74,0.2343
63,219,19.66,121.99,M4,8.7,1.4104
64,113,68.35,382.19,M1,44.21,1.3936
64,86,23.25,287.37,M1,47.88,0.4876
64,184,64.92,307.55,M3,0.74,0.3872
64,93,12.38,60.14,M2,17.18,1.0504
64,213,4.99,32.24,M2,18.98,0.6038
65,94,66.62,340.01,M3,12.8,1.2625
65,23,2.33,14.48,M5,16.91,1.4022
65,38,16.37,97.74,M5,4.88,0.0256
65,220,4.47,23.7,M3,21.86,1.8022
65,67,75.68,337.99,M2,47.87,1.0337
65,229,41.19,191.12,M4,1.25,0.7341
66,151,40.7,492.91,M4,41.01,1.2507
66,191,48.83,276.69,M3,19.87,1.7805
66,24,22.84,147.69,M5,42.1,1.6455
66,185,1.77,16.82,M1,26.65,1.1332
66,192,97.35,471.3,M4,7.99,1.2889
67,260,9.83,76.77,M5,11.2,0.4832
67,75,6.93,54.93,M3,12.68,0.8735
67,156,31.22,175.25,M3,46.23,0.3752
67,19,38.98,400.96,M4,29.52,0.6081
67,39,47.91,194.24,M3,31.67,1.2922
67,203,70.77,491.78,M3,34.57,1.0778
68,172,20.62,132.33,M3,33.1,1.1266
68,43,85.0,366.88,M4,12.21,1.574
68,218,73.96,325.26,M1,39.17,0.0152
68,95,9.02,102.07,M1,1.57,0.1678
68,53,100.5,431.6,M2,40.57,1.7622
69,200,10.69,53.3,M5,15.02,1.9974
69,124,105.02,426.21,M5,40.65,1.1682
69,159,15.94,136.12,M4,15.17,1.2401
69,223,38.17,170.33,M1,43.27,1.6529
69,55,45.68,395.7,M5,36.66,1.7474
70,247,3.51,25.14,M5,4.75,0.7654
70,210,45.33,281.23,M3,5.13,0.1044
70,218,4.39,39.5,M5,3.64,1.518
70,53,16.21,88.51,M5,5.61,1.5861
70,0,50.9,316.26,M2,15.22,0.8585
70,259,8.03,86.29,M4,47.94,0.2248
71,57,75.84,470.07,M1,25.08,0.0679
71,211,44.52,298.93,M1,34.56,1.9048
71,79,39.2,278.03,M2,2.97,0.4136
71,94,75.61,346.46,M3,8.17,1.8241
72,114,94.42,412.4,M2,21.31,0.4437
72,77,16.92,126.49,M3,46.57,1.7298
73,225,1.85,7.62,M4,5.14,0.8979
73,42,62.42,431.78,M3,27.95,1.268
73,204,35.24,310.67,M2,15.7,1.1031
73,238,54.49,282.96,M2,2.87,1.2781
74,52,57.43,391.32,M1,41.31,1.0447
74,197,23.7,248.52,M3,34.15,0.819
74,208,108.35,482.56,M1,7.05,0.5902
74,69,8.43,85.24,M4,45.91,1.4261
74,141,56.38,432.1,M2,40.49,0.6168
75,185,37.05,173.81,M4,35.25,0.1636
75,147,49.58,440.14,M4,31.67,1.4651
75,41,18.82,213.21,M3,38.85,0.6616
75,20,42.46,396.1,M1,17.0,1.7401
76,204,48.54,195.46,M3,10.13,1.3298
76,21,17.45,111.61,M3,21.37,1.3893
76,189,71.97,299.29,M4,37.66,1.982
77,128,39.01,241.07,M1,17.1,0.5745
77,115,33.71,316.57,M1,7.38,0.0754
77,55,31.02,129.65,M3,37.38,1.3981
77,242,52.13,261.81,M3,47.27,0.6971
77,260,14.92,68.93,M5,10.63,0.3131
77,23,43.63,325.1,M5,5.16,0.487
78,224,51.72,471.27,M5,43.36,0.3034
78,71,48.06,481.45,M3,5.15,1.2507
79,145,29.01,138.09,M4,47.8,0.9769
79,16,0.87,7.18,M4,35.56,0.7075
79,255,40.7,182.87,M2,40.03,1.8192
80,155,69.62,352.54,M1,12.65,1.7045
80,35,36.69,411.25,M1,29.54,0.042
80,211,37.58,311.02,M3,13.69,1.233
80,107,66.15,399.06,M4,31.51,0.3702
81,86,22.48,204.37,M1,43.29,0.6602
81,222,66.58,489.66,M5,40.7,1.6974
81,109,63.53,484.65,M5,7.97,1.8287
81,138,55.87,274.6,M3,43.41,0.5675
81,50,26.25,227.86,M2,35.73,1.4183
81,208,2.0,15.53,M1,34.07,1.3066
82,81,106.51,459.33,M4,31.84,1.0529
82,63,26.99,151.06,M5,23.83,0.7564
82,7,43.6,364.71,M5,23.63,0.6254
82,113,71.28,383.31,M1,7.67,1.8857
83,201,75.14,410.96,M1,30.82,1.0226
83,12,89.91,417.67,M1,0.87,0.4222
84,57,110.5,458.42,M5,18.56,0.4625
84,19,70.09,484.77,M5,27.22,0.3688
84,233,22.99,114.73,M5,29.18,1.3329
84,34,39.09,327.17,M1,29.35,1.5615
84,247,36.5,278.94,M3,11.01,0.621
85,182,85.05,373.17,M5,46.01,1.0661
85,219,60.55,256.58,M4,36.14,1.4118
85,180,63.47,332.01,M1,12.07,1.2213
85,111,21.34,214.92,M1,24.99,1.5129
85,221,5.42,66.93,M2,29.46,0.9828
85,106,64.75,350.93,M4,38.41,0.8498
86,51,11.52,133.37,M5,37.68,1.2818
86,50,20.86,142.39,M4,48.14,1.4041
86,46,26.03,291.03,M1,34.77,0.2481
86,118,101.18,421.98,M4,12.31,1.0857
86,11,39.51,225.35,M1,39.47,1.12
87,93,39.37,201.81,M2,15.63,1.0784
87,99,71.71,333.22,M1,26.36,0.3095
87,147,53.46,381.04,M3,30.07,1.4219
87,252,12.7,102.54,M2,16.96,1.5394
88,241,33.2,301.2,M1,20.48,0.902
88,129,77.61,410.82,M3,33.17,1.7253
88,39,20.59,108.73,M2,28.74,0.7038
88,21,15.03,185.64,M2,48.6,0.3857
88,168,49.99,469.9,M4,15.18,1.2072
88,249,26.12,207.16,M3,12.85,1.3358
89,34,29.78,231.38,M2,43.25,1.9111
89,39,72.98,496.65,M3,15.35,0.2642
89,92,12.43,51.06,M3,13.3,0.9029
89,63,32.7,358.34,M4,9.29,1.8202
89,149,14.53,75.3,M5,31.45,1.1497
89,59,80.13,429.52,M4,40.59,1.9648
90,82,58.62,244.93,M2,40.22,0.4467
90,70,64.58,262.95,M4,30.03,1.3577
90,252,11.26,52.57,M5,4.52,1.9008
90,221,30.2,367.59,M1,31.08,1.2471
90,124,111.55,482.5,M1,23.33,1.6808
90,128,4.88,27.61,M4,30.36,0.39
91,199,58.42,335.5,M1,19.52,1.9608
91,161,27.24,327.82,M3,10.43,1.9812
91,167,111.1,473.57,M4,40.71,0.2794
91,100,46.43,375.87,M4,34.97,1.6961
91,51,94.81,409.82,M5,38.37,1.558
92,216,107.06,477.68,M1,47.51,0.6233
92,210,69.84,311.25,M2,15.11,0.8428
93,138,43.73,410.23,M1,47.28,1.7408
93,8,59.44,350.1,M4,8.24,1.1029
93,90,22.48,135.63,M1,15.61,0.0812
94,29,17.86,199.32,M5,15.68,1.738
94,240,89.39,415.71,M1,7.31,0.9208
94,104,43.46,279.43,M2,9.52,0.6761
94,153,59.18,265.78,M2,3.57,0.1229
94,140,16.94,94.02,M4,47.95,1.0741
94,188,19.23,171.48,M2,28.24,0.7543
95,180,55.51,434.78,M2,17.95,0.6758
95,219,21.79,271.41,M1,24.52,0.5869
95,108,8.41,36.55,M3,12.08,1.1839
95,205,36.51,152.15,M3,45.04,0.181
96,240,27.97,161.88,M3,44.44,0.8768
96,140,76.63,377.38,M4,5.67,1.5095
96,224,32.68,276.36,M4,29.4,1.0345
96,162,70.75,327.02,M4,41.19,0.291
96,86,7.02,28.72,M4,4.33,1.961
96,66,36.51,434.66,M2,39.82,1.3433
97,151,44.94,379.62,M5,35.82,1.119
97,138,47.67,323.29,M3,31.36,0.3269
97,194,61.56,310.83,M4,25.37,1.8624
98,181,11.22,66.05,M1,16.72,0.7383
98,260,80.34,364.76,M5,38.96,0.3819
98,242,66.91,410.15,M4,19.68,1.0769
98,22,28.0,308.38,M3,46.45,1.8039
98,262,23.75,212.93,M5,37.74,0.7682
98,10,18.3,169.06,M5,41.33,0.3265
99,135,55.62,388.59,M4,13.86,0.8385
99,116,7.13,83.7,M1,6.91,1.288
99,34,4.27,34.71,M3,1.02,1.2471
99,206,35.09,177.73,M4,1.04,1.0184
100,260,33.07,200.53,M5,18.06,1.1092
100,157,56.95,293.82,M3,8.7,0.3433
100,139,60.68,427.28,M5,46.28,0.6375
100,159,58.82,284.45,M5,21.92,0.1471
100,58,72.06,297.7,M1,11.28,0.5517
101,23,70.75,390.52,M1,30.28,1.896
101,124,36.95,164.06,M1,15.23,1.4175
101,62,30.65,350.84,M4,33.49,0.2332
101,236,51.92,282.2,M5,21.6,0.9154
102,242,30.48,171.04,M2,40.83,0.2192
102,35,15.15,80.22,M5,43.31,0.0823
102,248,36.0,382.52,M5,42.91,0.968
102,38,35.31,201.67,M2,17.21,0.897
103,242,40.02,280.66,M4,49.17,0.5729
103,256,30.53,217.15,M4,19.62,0.4054
103,47,33.45,253.14,M3,29.65,0.3956
104,207,75.41,419.88,M4,31.57,1.4921
104,247,4.9,29.18,M4,16.66,0.7732
104,48,38.26,296.07,M1,17.25,0.3017
104,214,49.08,379.1,M5,39.77,0.4687
104,191,14.7,123.27,M4,28.48,1.9586
104,223,122.14,491.22,M4,6.33,1.9408
105,144,22.87,191.75,M2,23.12,0.1222
105,226,62.28,350.68,M3,20.82,1.476
106,78,82.02,411.78,M5,22.21,0.3472
106,193,35.13,242.62,M2,27.2,0.358
106,54,30.64,127.67,M1,3.56,0.9904
107,70,10.02,89.13,M2,30.63,1.1266
107,136,45.83,211.86,M1,22.35,1.6182
108,68,4.23,19.09,M5,32.68,1.6211
108,249,80.39,476.1,M5,22.85,1.8872
108,179,42.58,343.23,M3,45.06,1.7616
108,156,32.13,210.39,M2,22.7,0.0787
109,37,32.59,133.51,M3,26.22,1.9897
109,186,68.79,450.85,M1,44.66,1.9011
109,243,49.21,228.19,M4,33.73,1.6871
109,156,92.97,496.98,M4,19.61,0.847
109,92,28.69,154.15,M2,47.06,0.8808
110,103,18.23,108.23,M3,42.58,1.8145
110,97,84.32,355.45,M3,10.25,1.3967
111,193,47.5,246.41,M1,5.02,0.4312
111,198,21.1,248.05,M3,30.77,0.5991
112,65,43.86,408.17,M2,8.96,1.8082
112,9,58.57,241.06,M1,32.09,0.0746
112,223,99.79,416.83,M4,22.8,0.5972
112,180,77.03,444.05,M1,10.95,1.2105
112,136,41.1,178.25,M5,30.78,1.2689
113,98,55.98,370.4,M4,34.85,0.04
113,106,104.29,468.06,M1,13.19,1.9458
113,121,36.34,155.69,M3,21.6,0.095
113,24,85.99,454.53,M3,43.57,0.485
113,19,40.23,457.88,M1,36.23,0.7862
114,204,66.83,324.76,M1,20.59,1.7069
114,116,26.29,135.28,M1,42.06,0.289
114,178,74.28,480.91,M5,12.42,1.6722
115,227,48.84,261.94,M1,35.81,1.7491
115,36,46.8,207.62,M4,15.7,1.6198
115,113,42.9,198.33,M4,15.59,0.9209
115,117,15.14,127.04,M1,32.86,0.1315
116,185,51.28,333.44,M2,12.88,1.5763
116,260,46.76,335.38,M2,4.69,0.6182
116,200,86.57,367.54,M4,38.19,1.3306
116,1,74.02,375.69,M4,10.41,0.5185
116,110,1.41,12.82,M2,28.83,1.3485
116,2,52.39,278.17,M4,14.74,1.6976
117,99,30.71,259.18,M2,19.74,1.1706
117,255,35.74,362.0,M1,18.14,1.9598
117,149,40.03,343.68,M4,15.49,1.5302
117,199,13.65,76.62,M4,13.18,0.5063
117,140,43.38,217.99,M4,18.22,1.3418
117,73,71.38,348.02,M5,11.41,1.116
118,103,39.02,168.81,M5,0.69,1.2829
118,180,35.55,161.24,M5,43.19,1.708
119,250,2.96,31.88,M4,31.17,0.547
119,99,57.97,286.98,M2,29.71,1.248
119,124,25.18,241.77,M5,39.02,0.8036
119,45,100.96,405.59,M5,14.76,1.1272
120,178,56.88,285.92,M4,48.26,1.8741
120,202,6.51,61.92,M4,44.5,1.3158
120,196,54.5,403.2,M5,5.88,1.1932
120,250,17.77,106.91,M5,11.01,1.8008
120,90,11.75,57.52,M2,49.86,0.8875
121,25,9.4,56.09,M1,20.36,0.6872
121,24,93.65,453.08,M1,43.2,1.6368
122,107,16.56,96.42,M1,12.13,1.0828
122,118,43.36,302.0,M2,38.26,1.012
122,89,39.86,466.21,M5,19.39,0.3396
122,228,62.87,496.33,M2,9.38,1.3839
123,214,20.98,252.83,M5,17.92,1.2238
123,256,42.93,242.54,M5,44.52,0.275
123,95,61.04,248.66,M4,38.68,0.9073
123,44,42.37,349.15,M1,46.34,1.7397
123,239,49.94,249.45,M5,19.04,0.1526
124,195,10.79,132.28,M2,24.36,0.9825
124,26,48.25,217.48,M1,8.98,1.6666
124,127,12.14,70.23,M5,6.77,1.8984
124,213,56.11,328.41,M1,32.29,0.0772
125,191,66.44,296.21,M2,40.86,0.0291
125,18,11.53,128.15,M5,44.8,0.3611
125,202,29.34,263.01,M2,44.46,1.3402
125,8,51.79,262.8,M4,0.98,0.0742
126,112,70.31,288.85,M3,44.54,0.3136
126,39,64.95,380.53,M2,46.35,1.8338
126,193,8.98,65.4,M3,13.55,0.4265
126,48,27.74,331.46,M3,36.32,1.2453
126,145,43.38,195.91,M3,19.02,1.5229
127,247,28.64,124.33,M1,5.14,1.7988
127,126,55.72,459.57,M2,46.7,1.8488
127,163,76.53,463.21,M4,10.03,0.5528
127,155,107.84,438.56,M3,16.82,0.5319
128,126,75.43,418.14,M2,48.4,0.7255
128,259,7.96,64.83,M1,5.39,0.5805
129,1,81.45,391.62,M2,0.61,1.3337
129,125,80.16,427.94,M1,18.72,1.1713
130,109,39.19,315.37,M3,29.27,1.6506
130,187,19.0,113.25,M1,49.79,1.7389
130,124,79.71,488.11,M3,46.53,1.8125
130,235,90.21,468.68,M3,46.35,0.1593
130,15,1.03,11.38,M3,11.45,1.9706
130,12,35.65,429.81,M1,15.02,0.9849
131,34,33.04,200.9,M3,31.05,0.7682
131,147,3.66,20.23,M1,42.52,1.1852
131,215,4.94,19.77,M4,12.72,1.8171
131,63,65.62,499.56,M4,25.11,1.5069
132,243,37.13,463.97,M2,12.75,0.7849
132,35,49.54,321.7,M2,27.52,0.5389
133,104,20.53,192.34,M5,46.75,1.2821
133,186,34.93,203.64,M2,19.55,0.7728
133,95,58.16,316.77,M5,30.51,1.738
134,245,77.28,328.47,M3,39.01,0.4902
134,61,22.71,231.87,M1,1.32,1.6773
134,63,18.54,109.41,M1,38.38,0.9563
134,167,19.02,109.93,M2,25.22,0.3149
134,187,46.61,251.07,M2,31.02,1.8749
135,17,20.25,104.27,M1,16.01,0.7979
135,238,69.72,279.58,M4,20.41,0.8643
135,138,73.54,475.59,M2,47.49,1.6216
136,22,44.81,207.6,M5,49.53,0.3308
136,105,101.91,456.46,M5,21.45,0.467
137,156,51.39,374.49,M2,17.42,0.8691
137,54,11.6,61.53,M5,44.24,0.3444
137,19,46.49,370.8,M4,40.8,0.4999
137,243,51.53,272.28,M5,9.37,1.4635
137,249,50.4,455.69,M4,41.26,1.7553
138,148,83.54,374.75,M5,24.23,1.6005
138,131,28.08,201.49,M2,39.91,1.2976
138,211,38.68,388.46,M2,19.2,0.3394
138,136,98.78,488.16,M5,28.61,1.374
139,172,66.38,413.38,M1,49.98,0.1674
139,44,40.18,311.41,M4,0.84,0.0665
139,48,27.36,317.36,M3,38.52,0.8792
139,256,37.14,267.34,M5,46.54,1.3128
139,188,40.74,422.72,M3,17.29,1.699
140,156,64.03,349.67,M2,12.58,0.8451
140,154,85.73,413.65,M1,26.25,1.7437
140,75,60.83,443.14,M5,22.21,0.9363
140,201,44.49,246.99,M5,17.83,0.7713
140,254,26.83,186.09,M3,7.26,0.674
140,95,77.23,365.59,M2,14.77,1.2564
141,105,58.36,240.69,M1,35.14,1.7311
141,71,68.45,283.64,M2,34.67,1.5659
141,185,86.26,465.67,M3,16.35,0.0591
142,97,101.97,409.15,M5,44.81,1.0011
142,50,16.41,66.89,M1,32.82,0.2764
142,169,89.03,406.27,M5,48.63,0.9209
142,31,17.92,110.11,M5,47.55,0.0526
142,148,20.57,175.55,M1,33.94,0.6376
142,54,45.77,221.11,M3,40.98,0.1796
143,2,30.56,155.74,M4,10.06,0.5194
143,38,49.87,476.33,M2,15.37,0.7556
143,163,93.12,399.21,M5,22.66,1.1052
143,159,11.42,94.77,M1,45.23,0.7288
143,57,39.93,243.69,M3,4.2,1.9125
143,137,38.04,334.03,M4,16.94,1.7527
144,251,105.26,490.89,M1,43.11,1.2027
144,73,31.44,187.71,M5,32.95,0.9738
144,154,31.59,213.0,M5,31.35,1.1119
144,52,43.55,342.88,M4,24.81,0.106
144,209,17.21,89.37,M1,34.55,1.2624
144,68,18.58,90.4,M2,45.2,0.6862
145,65,49.28,208.71,M2,6.17,1.9245
145,1,12.18,67.43,M4,36.54,1.1699
145,86,93.24,461.04,M2,1.4,1.4151
145,60,78.1,424.67,M2,26.29,1.8934
146,246,24.13,209.77,M4,2.15,0.1811
146,117,88.13,361.57,M3,20.45,0.3458
146,3,8.92,36.65,M5,32.66,0.4825
146,172,78.38,332.99,M1,9.7,1.3704
147,36,30.92,143.99,M1,38.19,0.6467
147,81,39.1,234.32,M4,48.85,1.099
148,188,34.36,151.4,M2,35.2,0.4882
148,117,113.72,474.8,M2,16.37,0.9764
148,58,29.3,226.43,M1,12.01,0.0798
148,12,40.73,228.62,M5,28.27,0.9308
148,250,35.83,420.04,M1,26.08,1.7716
148,165,23.58,140.05,M2,46.18,1.3331
149,217,15.84,148.21,M1,9.12,0.6302
149,256,103.43,470.54,M5,37.15,0.4517
149,154,5.13,55.83,M2,5.74,1.158
149,0,75.84,464.36,M3,38.95,1.9212
150,36,49.08,254.46,M4,43.74,0.2658
150,136,65.71,373.19,M5,7.66,0.6541
151,88,95.8,478.7,M1,6.95,0.6071
151,137,31.38,310.44,M2,29.26,1.5372
151,107,12.21,110.88,M2,6.23,0.8013
152,76,53.09,258.86,M2,31.27,0.688
152,223,5.54,63.41,M3,27.25,0.7881
152,231,64.16,256.94,M1,8.8,1.3657
152,60,30.1,267.25,M5,34.3,1.8374
153,162,77.58,478.55,M4,11.72,1.2706
153,99,50.72,293.79,M4,26.8,0.0327
153,188,31.31,138.9,M5,13.32,1.2549
153,187,26.95,224.42,M2,35.5,1.9301
153,36,38.02,299.25,M5,14.9,0.236
154,44,4.08,30.79,M4,29.55,0.1613
154,124,18.11,85.6,M5,37.51,0.1728
154,235,60.04,368.31,M3,14.91,1.7871
155,209,81.71,333.3,M4,30.75,0.5407
155,159,59.98,345.85,M3,3.28,1.7319
155,164,54.97,376.22,M1,41.25,1.1352
155,80,70.65,368.76,M1,2.11,1.571
156,110,8.82,88.92,M2,38.72,0.4455
156,22,22.18,142.48,M2,29.72,1.0071
156,245,30.56,125.92,M4,12.46,0.7912
156,7,46.37,201.65,M5,10.26,0.1683
156,205,35.73,143.51,M3,33.63,1.6536
157,44,31.46,336.94,M2,9.11,0.0251
157,1,28.57,339.22,M1,22.04,1.0176
157,255,90.18,474.48,M2,12.97,0.805
157,36,46.68,254.85,M5,47.4,0.0333
157,115,2.22,17.56,M3,26.48,1.0132
157,215,43.08,320.51,M5,45.52,0.6599
158,226,15.05,127.72,M4,41.01,0.1309
158,32,34.98,209.43,M5,31.68,0.4089
158,209,41.77,240.96,M3,14.75,1.6069
159,257,55.35,330.72,M1,36.18,0.798
159,39,16.38,144.59,M1,8.73,0.1922
160,55,63.3,319.69,M5,39.02,0.5353
160,125,48.45,224.34,M5,37.03,1.3793
160,84,2.2,15.43,M3,42.14,1.7526
160,167,43.8,349.08,M1,23.16,1.0922
160,151,32.67,209.65,M3,28.08,1.9202
160,123,6.64,37.55,M1,18.64,1.5681
161,29,4.68,21.61,M4,22.13,1.3895
161,150,40.87,310.4,M3,10.53,0.2115
161,69,38.13,263.94,M3,49.78,1.0035
161,90,25.73,171.73,M5,32.36,1.1867
161,28,31.79,146.61,M1,47.58,1.6427
161,47,25.09,114.04,M2,11.65,1.6316
162,256,27.14,315.47,M2,24.49,1.6489
162,19,50.15,220.86,M5,40.98,0.1252
162,118,62.76,376.71,M3,26.88,0.3316
163,218,35.98,230.8,M5,43.67,0.8987
163,187,25.61,259.51,M3,12.66,1.6401
163,227,4.62,39.25,M1,25.84,0.9717
163,17,1.49,13.73,M2,46.65,0.7689
164,142,28.13,284.02,M4,5.62,1.8386
164,146,53.42,338.84,M4,46.77,0.1192
164,140,38.52,446.73,M4,25.56,0.3282
164,60,15.85,106.06,M1,11.79,1.8987
165,43,19.74,128.42,M2,38.96,0.9147
165,124,23.74,284.66,M1,43.01,0.1527
165,97,83.44,450.29,M3,4.59,0.8895
166,235,19.5,94.15,M3,49.32,0.5684
166,42,117.87,482.79,M2,9.79,1.3631
166,131,69.1,440.44,M5,30.42,0.4979
166,29,69.59,395.85,M5,49.1,0.9628
167,54,11.79,118.68,M5,47.35,0.2287
167,117,26.31,155.14,M2,31.52,0.5415
168,248,27.17,247.67,M5,31.06,1.8267
168,161,87.56,433.79,M5,3.01,0.962
168,199,49.74,199.72,M3,3.39,1.0858
168,253,34.42,273.92,M3,16.86,1.1827
168,162,22.16,94.87,M2,28.62,0.8877
169,142,79.77,482.64,M1,19.32,1.5837
169,235,32.29,183.05,M3,27.45,1.1204
169,34,8.74,51.36,M4,23.52,1.9865
169,54,14.56,108.89,M2,2.08,0.1356
169,115,26.24,165.84,M3,5.61,1.5081
169,259,12.37,57.9,M1,44.28,1.1899
170,122,33.81,244.79,M4,25.03,0.848
170,80,0.98,5.69,M3,18.63,1.5786
170,88,77.38,384.19,M5,25.99,0.835
170,185,37.56,408.05,M3,22.0,0.7384
171,116,53.6,417.62,M2,9.99,0.2188
171,44,37.91,158.19,M5,40.49,1.8696
171,241,8.55,35.18,M4,2.79,1.4121
172,110,14.78,164.84,M3,3.3,0.7858
172,133,3.52,28.38,M3,39.2,0.361
172,135,34.31,168.75,M3,12.37,1.2848
172,60,52.83,422.93,M1,28.29,0.5098
173,66,71.77,387.22,M1,21.03,1.0427
173,70,63.12,457.96,M1,46.15,1.2886
173,58,117.69,499.11,M4,28.63,1.1942
174,138,9.17,49.62,M5,25.29,1.395
174,136,53.33,388.55,M2,42.55,1.3004
174,208,13.68,165.7,M4,39.5,0.17
174,165,59.07,280.73,M5,3.66,0.4547
174,238,69.37,315.99,M1,33.15,0.1649
175,199,74.5,338.54,M1,2.06,1.4141
175,12,22.58,193.81,M4,19.79,1.0457
175,115,6.64,46.03,M4,41.79,1.2163
175,167,44.98,229.04,M1,28.01,1.4058
176,116,78.61,366.22,M2,22.17,0.6697
176,127,57.86,294.6,M4,33.84,0.2552
176,206,9.94,59.55,M3,12.46,1.1324
176,224,32.42,188.03,M4,37.77,1.235
176,12,33.19,219.17,M5,23.61,0.1373
177,207,41.54,352.09,M4,32.83,0.8692
177,201,52.04,449.23,M5,1.06,1.8945
177,174,27.44,227.39,M5,16.39,1.9968
178,123,22.55,180.03,M1,41.27,1.0543
178,117,18.9,208.31,M2,16.51,0.719
178,76,89.34,469.65,M3,20.77,1.5287
178,35,46.27,319.14,M5,6.91,1.6881
178,39,58.86,342.54,M1,28.12,1.3379
179,63,44.57,333.55,M5,7.84,1.6976
179,224,48.44,259.44,M5,40.81,1.0158
179,94,79.78,443.18,M4,37.68,1.0687
179,43,29.59,137.58,M3,46.58,1.6051
179,87,28.34,188.25,M2,34.39,0.5591
179,227,47.12,426.08,M3,29.48,1.8872
180,187,8.47,82.17,M5,40.88,1.0261
180,19,4.39,36.25,M1,48.8,1.8837
180,123,17.01,163.8,M3,0.97,1.7859
180,158,29.3,350.49,M4,13.43,1.8271
180,8,58.82,421.98,M2,49.67,0.3311
180,48,52.5,311.57,M2,48.45,1.0282
181,188,34.01,208.23,M2,21.91,1.6065
181,55,3.57,17.17,M2,16.34,1.788
182,200,66.6,418.92,M3,4.97,0.7677
182,164,52.5,228.26,M2,19.05,1.4295
182,81,31.68,216.22,M2,23.63,1.0655
182,5,61.15,366.66,M1,18.6,0.3871
182,233,16.6,124.01,M5,45.33,0.1215
182,9,81.2,451.82,M3,24.87,1.5032
183,24,35.37,253.18,M1,46.89,0.5882
183,173,40.55,270.22,M1,1.17,1.346
184,79,4.19,33.67,M2,7.44,0.4722
184,40,12.1,51.35,M5,12.01,0.458
184,238,19.38,205.5,M1,40.3,0.3859
184,113,66.21,373.33,M1,40.25,0.5963
184,131,108.92,494.7,M5,34.04,1.1022
184,185,17.32,140.92,M3,17.84,1.0835
185,172,4.12,28.37,M4,44.27,1.2156
185,27,55.19,438.54,M2,32.99,1.5785
185,96,37.53,292.32,M3,47.34,1.0352
185,75,30.63,314.39,M1,24.58,0.0395
185,142,17.18,75.26,M5,5.87,1.9491
185,84,5.18,24.57,M3,20.34,1.0793
186,59,19.85,164.18,M5,36.94,0.2496
186,255,113.86,478.9,M1,39.22,0.3452
186,2,36.11,392.03,M1,6.58,0.7485
186,234,32.11,199.32,M2,29.77,1.8201
187,7,52.19,306.43,M5,8.93,0.8604
187,66,32.33,236.35,M2,25.08,1.6111
187,86,23.07,159.87,M4,36.95,0.5693
188,160,35.52,183.63,M3,29.56,0.4099
188,137,4.68,43.16,M1,38.12,0.3065
189,183,65.56,377.81,M3,34.56,0.5037
189,240,68.26,285.53,M3,2.28,0.3913
189,100,38.81,424.17,M2,32.32,0.8863
189,13,12.93,67.56,M5,37.57,0.1559
189,9,24.94,277.18,M1,15.79,0.359
190,259,37.51,228.85,M5,16.05,1.0708
190,183,25.05,270.54,M1,31.6,1.4539
190,172,8.37,98.5,M4,41.92,1.4075
190,258,47.01,431.4,M4,38.87,1.247
190,230,49.37,434.84,M2,49.4,0.7826
190,129,47.77,433.84,M2,27.7,1.2471
191,69,70.89,332.22,M1,26.72,1.8741
191,161,69.61,408.19,M3,33.79,1.2796
191,93,105.16,484.17,M2,11.43,1.0526
192,39,58.53,254.94,M5,11.6,1.7865
192,126,15.46,176.15,M1,45.01,0.3182
192,29,44.24,205.7,M5,49.91,1.9817
192,260,83.55,398.33,M2,21.25,0.3207
192,213,37.53,325.91,M1,5.72,1.7379
193,158,36.97,148.3,M4,3.54,0.5026
193,32,15.41,155.69,M4,23.29,0.5728
193,219,21.45,115.32,M4,32.64,0.2402
193,194,45.76,265.73,M4,44.38,0.9286
193,16,33.81,159.73,M3,22.06,0.88
193,164,6.57,54.06,M4,48.38,0.8545
194,260,74.24,333.24,M3,43.07,0.683
194,105,4.5,37.21,M3,12.3,1.7883
195,150,0.68,6.01,M4,16.4,1.9672
195,234,9.62,41.4,M4,5.98,1.1898
195,88,62.15,474.71,M3,23.33,1.0251
195,133,46.26,224.53,M1,17.25,0.3378
195,228,11.57,47.61,M5,13.81,0.7211
196,152,23.24,196.47,M1,42.57,1.6215
196,252,52.4,274.6,M3,46.14,0.5346
196,59,7.81,34.25,M4,6.66,1.2654
197,179,7.52,93.36,M4,39.39,1.576
197,88,115.52,488.71,M3,42.42,1.2081
197,168,14.67,92.79,M1,26.44,0.1962
197,16,14.04,93.41,M1,10.6,0.2306
197,25,36.08,445.77,M5,34.25,1.2635
198,53,43.52,348.77,M4,44.51,0.6087
198,50,57.94,424.74,M4,21.43,1.0264
198,131,8.19,40.13,M2,20.23,0.2835
198,59,68.39,341.34,M1,4.59,1.6549
198,16,30.5,131.71,M2,19.4,1.8336
199,83,52.88,285.96,M2,30.63,0.4278
199,187,19.46,171.51,M5,30.74,1.5015
199,247,42.93,291.04,M2,37.11,0.5083
199,26,36.06,310.25,M5,44.72,1.8536
200,26,14.38,66.66,M1,21.47,0.46
200,12,18.21,210.07,M1,30.78,1.5164
200,165,52.87,441.81,M2,0.97,0.4559
201,248,38.51,423.58,M2,6.99,1.617
201,239,3.01,17.72,M1,37.12,1.7935
201,174,16.95,111.34,M3,28.84,1.3232
202,174,56.53,236.85,M5,27.64,1.1592
202,136,36.67,392.44,M2,38.01,0.9901
202,222,17.66,212.87,M1,6.18,0.8305
203,178,52.89,413.98,M5,8.95,0.4012
203,49,6.94,84.98,M5,5.04,1.3659
203,17,25.14,154.46,M1,33.69,1.8268
203,58,93.4,416.87,M4,12.06,0.2099
203,54,75.06,321.81,M4,36.3,0.8725
204,75,26.96,329.4,M2,13.41,1.6362
204,186,10.57,69.5,M5,30.9,1.8272
204,0,50.67,320.17,M4,22.71,1.0138
204,31,32.94,211.05,M5,22.12,1.8468
204,58,99.52,456.41,M3,1.03,1.1283
205,18,19.24,78.0,M2,34.62,0.4739
205,164,111.35,453.79,M2,19.72,1.2659
205,156,19.97,96.58,M2,39.24,0.5327
205,43,30.6,284.71,M1,48.32,1.6916
206,225,17.18,118.14,M5,39.84,1.3129
206,69,89.64,369.02,M2,8.92,0.04
206,34,8.08,64.9,M1,36.26,0.8966
206,102,10.94,65.35,M1,17.56,0.6378
207,225,44.35,402.58,M2,18.05,0.7472
207,143,51.89,367.05,M1,25.51,1.1157
208,160,15.63,86.4,M2,37.95,1.0794
208,45,94.18,473.1,M2,20.25,0.4716
208,147,52.97,230.67,M4,23.98,0.2257
208,98,15.11,157.86,M1,9.53,0.8532
208,117,38.98,281.79,M2,7.51,0.2743
209,71,49.19,334.82,M4,29.5,1.6777
209,35,37.79,386.49,M5,13.55,0.1196
209,123,11.52,71.87,M1,42.59,0.1467
209,8,83.57,392.26,M4,9.78,1.3268
209,70,33.28,409.5,M3,16.1,0.3472
209,89,49.33,218.9,M5,10.72,0.9909
210,55,23.69,112.69,M4,35.36,1.8178
210,138,40.48,430.98,M3,10.59,1.6251
210,58,54.76,433.29,M3,12.19,1.901
211,83,22.51,126.36,M1,14.84,1.5466
211,7,21.27,87.03,M3,43.99,0.1756
211,118,2.8,23.59,M1,35.46,0.6865
211,121,30.26,252.27,M4,6.05,1.0473
212,13,46.72,241.51,M2,3.52,0.3425
212,76,58.62,499.11,M4,12.03,0.7677
212,117,21.74,148.07,M3,38.4,1.8572
212,260,54.06,329.08,M3,20.1,1.3953
213,146,102.44,432.2,M3,17.17,0.3717
213,23,40.38,168.36,M5,47.61,0.6262
214,174,21.03,99.2,M4,9.03,1.6227
214,113,9.58,49.37,M2,13.82,0.3442
214,110,67.46,341.28,M5,40.99,1.8249
214,134,13.8,139.35,M2,48.71,0.6181
214,197,62.77,257.11,M4,32.37,1.2517
215,257,101.54,484.41,M2,15.65,1.4192
215,231,19.43,97.0,M5,32.72,0.059
215,75,57.72,312.45,M5,33.17,0.4435
216,208,19.87,223.74,M4,23.38,0.3929
216,128,62.39,365.24,M3,28.14,1.3098
216,149,101.14,491.45,M3,34.42,1.0964
217,223,114.02,488.25,M4,39.44,0.316
217,228,27.5,189.73,M5,22.05,1.8073
218,219,26.86,326.95,M4,9.83,1.0121
218,199,14.24,64.7,M5,47.79,1.9666
218,191,121.4,491.94,M3,6.35,0.29
218,231,62.22,284.42,M3,35.62,1.2903
218,252,26.49,235.75,M4,21.95,1.4703
218,62,2.5,18.87,M5,35.04,0.1078
219,157,21.06,229.74,M1,47.41,1.2662
219,62,10.43,43.96,M2,25.17,0.4493
219,87,8.67,79.85,M3,28.12,0.3621
220,83,49.3,395.82,M3,29.21,0.2605
220,192,7.03,48.75,M3,6.69,0.8887
220,252,20.13,112.95,M5,43.33,0.4495
220,65,29.96,156.69,M5,40.04,0.3079
221,54,61.86,466.39,M3,47.49,1.4627
221,251,1.94,8.06,M2,48.36,0.924
221,87,65.26,280.26,M4,8.87,1.9385
221,196,25.56,309.2,M2,37.6,1.5293
221,128,61.04,447.49,M4,33.81,0.406
221,53,33.59,164.39,M3,41.11,1.2653
222,98,86.83,436.53,M1,7.76,0.8997
222,157,89.41,379.08,M5,16.38,0.2078
222,252,8.79,46.05,M5,32.81,0.112
222,118,13.48,136.36,M1,40.57,1.8054
223,238,23.77,121.11,M5,19.06,1.7019
223,41,57.56,271.21,M3,28.79,0.246
224,249,4.91,48.67,M4,39.22,0.1287
224,196,10.15,75.65,M5,43.51,0.043
224,43,24.75,302.18,M4,48.84,1.6494
225,28,101.38,463.26,M3,43.84,0.2368
225,48,16.79,180.33,M3,12.51,1.125
225,145,12.04,138.83,M2,2.67,0.3556
225,120,111.24,490.31,M5,0.93,0.5587
226,21,38.66,156.61,M1,25.37,0.8212
226,8,24.37,152.76,M4,48.71,1.807
226,19,69.4,461.95,M5,9.56,1.7209
227,221,38.9,278.49,M5,35.85,0.3357
227,15,32.52,275.21,M1,25.8,0.2797
227,111,16.09,67.32,M4,36.6,0.5719
227,81,31.12,149.73,M3,36.13,0.4942
227,72,6.93,34.01,M3,20.78,0.0791
228,128,23.17,208.58,M2,1.54,0.0389
228,120,43.72,258.84,M3,8.79,0.07
229,77,6.27,57.96,M2,29.38,0.8219
229,201,7.16,88.68,M4,15.83,0.266
229,224,47.1,477.75,M2,46.34,0.4705
229,148,66.13,425.36,M4,15.78,1.3886
229,0,2.94,34.37,M5,19.01,1.3176
230,36,103.06,415.4,M1,14.23,1.7587
230,95,71.25,416.7,M1,38.88,1.9994
230,163,52.39,383.29,M4,8.67,1.1303
230,176,98.07,419.52,M3,30.37,0.0403
230,166,107.06,462.61,M1,34.29,1.9058
231,129,87.27,453.46,M4,34.85,1.4151
231,250,61.95,423.79,M2,37.32,1.7453
231,111,20.08,151.29,M4,42.14,0.7917
232,175,2.82,21.54,M3,13.65,1.5032
232,179,69.0,394.18,M3,11.58,1.9122
232,258,45.84,480.45,M4,42.41,0.4679
232,173,99.6,439.39,M5,21.01,1.0287
233,133,22.35,91.34,M3,32.85,0.0347
233,61,28.17,179.61,M5,34.24,0.9554
233,92,71.25,382.36,M5,10.02,1.3828
233,181,62.49,282.33,M1,3.13,1.9276
233,29,76.67,382.05,M1,12.76,1.399
233,53,41.04,319.34,M3,24.12,0.1032
234,48,54.57,305.72,M3,28.65,1.0813
234,253,60.85,408.64,M3,20.37,0.1338
234,130,43.4,493.45,M3,7.21,0.6909
234,186,55.64,232.44,M1,12.67,1.696
234,4,23.94,162.02,M2,15.33,1.9682
234,222,39.5,205.14,M3,3.55,1.4893
235,77,14.1,60.54,M2,18.53,0.06
235,58,105.42,487.74,M3,44.77,1.8396
235,68,23.37,107.26,M3,42.33,1.6477
236,185,22.78,106.38,M1,33.39,1.3319
236,91,24.39,151.73,M5,34.97,1.6709
236,181,32.23,232.39,M3,43.95,1.7323
236,42,17.19,77.46,M1,37.1,1.8201
236,54,26.05,243.01,M2,38.25,0.5347
237,162,39.95,279.87,M1,45.02,1.2901
237,72,46.98,207.07,M5,40.48,0.8175
237,155,31.95,168.71,M1,22.96,1.1538
237,263,22.4,199.11,M5,24.34,1.3512
238,257,6.31,29.44,M4,7.93,0.6118
238,216,8.42,52.14,M4,30.5,1.2066
238,35,63.61,318.96,M5,21.15,0.298
238,8,52.29,250.58,M2,19.3,1.5627
239,6,30.29,280.5,M4,5.86,1.3523
239,54,65.48,274.45,M3,1.56,1.5217
239,124,79.94,327.67,M1,48.12,1.7708
240,119,84.04,347.85,M4,43.88,1.8651
240,221,82.33,335.09,M4,22.82,1.7116
240,131,19.1,106.4,M2,21.42,1.5212
240,83,105.92,464.03,M3,4.54,1.7691
241,173,59.6,346.73,M1,12.56,0.4295
241,209,77.33,311.63,M1,1.27,0.549
242,49,10.55,66.04,M4,15.71,1.7442
242,106,42.14,175.86,M3,28.24,0.7035
242,2,46.91,369.1,M2,38.37,1.8756
242,200,26.17,233.08,M4,16.23,1.6596
242,28,2.37,13.41,M4,37.09,0.4079
243,186,16.11,67.7,M2,48.78,1.4246
243,192,50.23,209.53,M5,16.05,1.7768
243,210,36.78,436.72,M3,1.27,1.5899
243,74,93.05,383.38,M2,15.61,1.0454
244,236,90.87,449.05,M1,22.04,0.9484
244,33,82.85,460.93,M4,45.21,1.3602
245,224,75.94,452.18,M5,6.08,0.9051
245,235,50.22,309.34,M1,41.27,1.1214
245,140,55.72,278.36,M1,1.66,0.6671
245,13,33.7,238.09,M2,27.94,0.4322
246,172,31.94,166.55,M3,38.74,0.4254
246,143,30.97,153.89,M1,15.46,0.2086
246,101,34.0,302.96,M5,11.8,1.734
247,170,60.95,325.43,M4,16.79,1.2989
247,138,31.6,292.92,M3,32.56,1.6579
247,134,73.29,453.57,M2,33.74,0.1265
248,253,3.45,19.76,M4,18.44,0.6828
248,229,84.1,432.27,M4,46.43,0.4905
248,106,69.6,383.04,M1,7.83,1.7836
249,70,10.43,81.48,M2,20.26,0.0889
249,83,63.82,258.0,M4,12.57,1.6245
250,145,52.81,384.07,M3,47.69,0.9254
250,101,35.94,147.75,M1,37.0,0.2675
250,177,72.31,418.91,M1,45.32,0.1781
251,27,55.46,443.24,M2,42.65,1.9364
251,105,28.72,162.88,M5,40.89,1.4988
251,189,21.22,208.6,M2,49.7,0.7624
251,262,16.08,66.49,M4,12.8,0.5174
251,259,44.87,358.65,M3,37.05,0.6081
252,259,44.53,324.17,M3,4.27,1.687
252,230,60.98,357.68,M5,47.02,0.6209
252,172,42.92,198.52,M2,15.25,0.7738
252,130,15.44,67.78,M5,14.74,1.3185
252,159,19.76,107.48,M5,38.58,1.6597
252,75,65.58,267.07,M4,46.11,0.0228
253,20,59.69,266.93,M3,29.65,0.1457
253,112,23.97,161.95,M2,19.16,1.496
253,97,53.52,467.87,M3,11.53,0.7705
253,218,37.49,308.88,M4,2.19,1.9529
253,219,96.42,497.4,M3,31.83,1.518
253,227,23.87,111.04,M1,39.62,1.8465
254,92,76.35,308.1,M2,39.27,0.4372
254,177,12.01,49.75,M1,2.17,1.7563
254,84,73.69,342.08,M5,35.24,0.9434
254,242,38.16,320.71,M2,15.64,1.7478
254,21,15.1,164.33,M2,33.56,1.3626
254,30,6.86,45.14,M1,8.4,1.9545
255,138,3.32,34.03,M3,3.87,0.6111
255,170,14.14,130.18,M2,10.66,1.2251
256,154,11.79,127.96,M5,13.07,0.4293
256,146,65.76,467.71,M1,25.67,1.9282
257,23,36.4,410.95,M3,29.07,1.7005
257,4,41.96,258.77,M2,39.75,1.2733
257,25,5.22,40.7,M1,33.26,0.7641
257,162,88.59,362.91,M4,15.29,1.6582
257,64,48.16,238.37,M1,13.28,0.3298
257,220,32.72,177.57,M5,45.3,0.1198
258,13,25.14,122.24,M5,21.17,1.8057
258,216,33.7,219.93,M5,27.26,0.1622
258,34,14.08,161.69,M4,21.62,0.9677
259,152,102.49,413.9,M4,16.53,1.8476
259,248,44.24,262.73,M5,32.68,1.7676
259,221,67.0,309.22,M5,25.06,1.0331
260,77,6.7,50.57,M3,30.05,0.0389
260,216,48.11,218.76,M3,20.9,0.857
260,132,35.55,340.59,M5,30.1,1.483
260,112,29.11,220.82,M4,1.91,1.4172
260,82,110.63,450.57,M5,31.1,1.626
261,134,92.91,486.2,M5,17.25,1.6697
261,84,41.93,294.82,M2,41.36,0.7768
262,170,41.71,261.49,M3,12.99,1.1107
262,197,69.77,496.97,M4,21.48,1.6999
262,120,41.82,169.68,M3,22.86,0.5477
262,53,4.47,47.44,M3,8.76,0.5188
262,8,6.93,68.17,M1,0.57,1.0404
263,114,11.22,57.67,M3,38.26,1.7997
263,102,2.01,18.54,M1,20.03,1.3339
263,164,50.26,429.66,M4,6.33,0.3645
263,60,5.93,48.49,M2,49.13,0.317
263,168,36.65,364.8,M2,31.39,1.4413
263,7,31.33,193.35,M3,36.21,1.9685
